{"cameraMode":{"drawMode":0,"name":"Shaded","section":"Shading Mode"},"sceneLighting":true,"audioPlay":false,"sceneViewState":{"showFog":true,"showMaterialUpdate":false,"showSkybox":false,"showFlares":true,"showImageEffects":true,"showParticleSystems":true},"in2DMode":false,"pivot":{"x":499.50909423828127,"y":188.673828125,"z":-582.1663208007813},"rotation":{"x":0.11308388411998749,"y":-0.30478984117507937,"z":0.03647465631365776,"w":0.9449821710586548},"size":273.0837097167969,"orthographic":true}